연번,단어_용어,이표기_오표기,대안어(안)
1,1코노미,일코노미,1인 경제
2,가드너,,"정원사, 원예사"
3,가드닝,,생활 원예
4,가드닝 클래스,,원예 수업 
5,가든 쇼,,"정원 행사, 정원 공연, 뜰 공연, 정원 박람회, 정원 쇼"
6,가스 마스크,,방독면
7,가이드 스폿,가이드 스팟,"유도점, 안내 지점 "
8,갭 먼스,,채움 기간(한 달)
9,갭 이어,,채움 기간(일 년)
10,거버넌스,,"정책, 관리, 민관 협력, 협치, 행정"
11,게리맨더링,개리멘더링,자의적 선거구 (획정)
12,게이머 라운지,,"게이머 쉼터, 게임 체험장, 게임 체험 구역"
13,게이미피케이션,,게임화
14,게이트 키퍼,,생명 지킴이
15,고스팅,,고용 잠적
16,골게터,,주득점 선수
17,골든 시드,,우량 종자 산업
18,규제 샌드박스,,"규제 유예, 규제 유예 제도"
19,규제 프리 존,,"규제 청정 지역, 규제 자유 구역, 규제 (대폭) 완화 지역, 무규제 지역"
20,그라운드 제로,,"폭격 지점, 폭발 지점, 대재앙 현장"
21,그라피티,그래피티,길거리 그림
22,그래픽 노블,,만화형 소설
23,그랜드 딜,,대규모 협상
24,그랜드 바겐,,일괄 타결
25,그랜드 플랜,,"큰 계획, 대규모 계획"
26,그레이 존,,회색 지대
27,그레이딩,,"수정, 치수 조정, 등급화, 등급 부여, 등급 판정, 등급 매기기, 목재 분류"
28,그로테스크,그로우테스크,"기괴한, 터무니없는"
29,그룹 웨어 ,,공동 작업 전산망
30,그룹 홈,,자활 꿈터
31,그리드,,"격자, 석쇠무늬, 망"
32,그리드 컴퓨팅,,컴퓨터 연계 활용
33,그리퍼,,"집게, (로봇) 손"
34,그린 레시피,,친환경 조리법
35,그린 리모델링,,친환경 새 단장
36,그린 모빌리티,,"친환경 이동 수단, 친환경 교통수단"
37,그린 빌리지,,친환경 마을
38,그린 스마트,,친환경 지능형  
39,그린 오션,,"친환경 시장, 친환경 산업, 친환경 전략"
40,그린 잡,,친환경 직업 
41,그린 포트폴리오,,친환경 수익 전략
42,그린 학교,,"친환경 학교, 생태 학교"
43,그린 홈,,친환경 주택
44,그린루프,,옥상 정원
45,그린슈머,,"녹색 소비자, 친환경 소비자"
46,그린웨이,,"녹색길, 친환경 길 "
47,그린인프라,,녹색 기반 시설
48,그린테일,,친환경 유통
49,그린피,,"입장료, 골프장 입장료 "
50,글라이더,,활공기
51,글로벌 몰,,세계적 쇼핑몰
52,글로벌 밸류 체인,글로벌 벨류 체인,"국제 가치 사슬, 전지구 가치 사슬, 국제적 가치 사슬, 국제 공급망, 세계적 공급 체계"
53,글로벌 핀테크,,국제 금융 기술
54,글로브 월,,의료용 분리벽
55,글로컬,글로컬라이제이션,"세계 지역화, 세방화"
56,기그 워커,긱 워커,초단기 노동자
57,기증 스테이션,,"기증 공간, 기증 구역, 기증소, 기증대"
58,나노 팹,,나노 기술 연구 지원 센터
59,나이트 게임,,야간 경기
60,난민 포비아,,난민 공포증
61,내러티브,,"줄거리, 서사, 서사체, 서사물"
62,내셔널 트러스트,,국민 신탁
63,너지,넛지,"옆찌르기, 행동 유도, 주의 환기, 부드러운 권유(개입)"
64,넘버 플레이트,,번호판
65,네거티브 존,,사후 규제 구역
66,네버 코비드,,코로나 비감염
67,네오 모더니즘,,신모더니즘
68,네오클래시시즘,,신고전주의
69,네오클래식,,신고전적
70,네오파시즘,,신파시즘
71,네이미스트,,"작명가, 이름설계사"
72,네트 런처,넷 런처,그물총
73,네트 제로,넷 제로,순 배출 영점화
74,네트워킹 데이,,교류의 날
75,넥 쿨러,,"목 시원이, 냉각 목도리, 냉각 스카프"
76,노 딜,,합의 없는
77,노 리턴,,"무수익, 일회용, 중도 포기, 반품 불가"
78,노르딕,,"북 유럽형 경기, 북유럽형"
79,노르딕 스틱,,북유럽형 양손 지팡이
80,노르딕 워킹,,"북유럽식 걷기, 양손 지팡이 사용 걷기 "
81,노마드,,유목민
82,노마드 워커,,유목민형 노동자
83,노믹스,,경제 정책
84,노스탤지어,"노스텔지어, 노스텔지아, 노스탤지아","향수, 향수병"
85,노이즈 스크린,,소음 방지막
86,논버벌,넌버벌,"비언어, 무언의, 말없는"
87,뉴 그린,,"새 환경, 새 친환경, 새로운 친환경, 신 녹색"
88,뉴 노멀,,"새 기준, 새 일상"
89,니어쇼어링,,인접국 이전
90,니트족,,"무기력 청년 무직자, 무의지 청년 무직자"
91,다우너 소,,"광우병 소, 앉은뱅이 소"
92,다운 라이트,,"오른쪽 앞, 무대 오른쪽 앞"
93,다운 사이클,,"하강 국면, 하락 추세"
94,다운 턴,,하락 곡점
95,다운사이징,,"감축, 축소, 줄이기"
96,다이내믹 메모리,다이나믹 메모리,동적 기억 장치
97,다크 너지,다크 넛지,함정 상술
98,다크 스토어,다크 스토아,배송 전용 매장
99,다크 웹,,지하 웹
100,다크 투어,,역사 교훈 여행
101,다크패턴,,눈속임 설계
102,닥터 쇼핑,,병원 순례
103,더블딥,,이중 침체
104,데드 크로스,,"약세 전환 지표, 주가 거래량 하향"
105,데모데이,,시연회
106,데스크테리어,,책상 꾸미기
107,데이케어,,"주간 보호, 보육"
108,데이터 레이블러,"데이터 라벨러, 데이터 레이블링, 데이터 라벨링","데이터 주석, 데이터 주석자 "
109,데이터 바우처,,데이터 이용권
110,데이터셋,데이터 셋,데이터 집합
111,데이트레이딩,,"단타 매매, 초단타 매매"
112,데일리 웨어,,평상복
113,데탕트,데당트,긴장 완화
114,덱,데크,"평상, 나무 바닥"
115,덱 로드,데크 로드,"나무 바닥 산책길, 나무 바닥 등산길"
116,도그마,,"교조, 교리, 독단적 신념"
117,도슨트,,"(전시물) 해설사, 전문 안내원, 전문 도우미"
118,도슨트 북,,"전문 안내서, 전시 안내서"
119,도시 브랜딩,,"도시 상표화, 도시 이미지 단장"
120,도어스테핑,"도어스텝핑 도어 스태핑, ","출근길 문답, 약식 문답, 약식 기자 회견, 약식 회견, 약식 회담"
121,듀레이션,,"평균 자금 회수 기간, 평균 자금 상환 기간"
122,듀얼 라이프,,"두 지역살이, 순환 거주, 복수 거점 생활"
123,듀얼 컨버터,,"이중 변환기(逆竝變換器), 이중 역병렬 변환기"
124,드라이 에이징,,건식 숙성
125,드라이브정책,,주도 정책
126,드레스 살롱,,양장점
127,드론테인먼트,,"무인기 공연, 드론 공연"
128,드리프트 앵글,,활주각
129,드리핑,,"흘림법, 흘림 그림"
130,디마케팅,,수요 축소 (전략)
131,디밍,,"밝기 조정, 빛 조절, 빛 조절기"
132,디버거,,오류 수정자
133,디버그,디버깅,오류 수정
134,디베이트,,"논쟁 토론, (찬반) 토론"
135,디벨로퍼,디벨롭퍼 디밸롭퍼 디밸로퍼,"개발업자, 부동산 개발업자"
136,디브리핑,,"질문 조사, 임무 보고"
137,디비전,디비젼,"부문, 부, 구획"
138,디자인 풀,,디자인 인력 은행
139,디자인 허브,,디자인 거점
140,디제라티,,디지털 지식인
141,디지털 네이티브,,"디지털 세대, 디지털 태생, 디지털 원어민"
142,디지털 노마드족,,디지털 유목민
143,디지털 사이니지,,"디지털 맞춤형 광고, 전자 광고판"
144,디지털 시그너처,디지털 시그너처,전자 서명
145,디지털 에이징,,고령층 정보화
146,디지털 워커,,미래형 인력모델
147,디지털 트윈,,"가상 모형, 디지털 복제물"
148,디지털 팜 랜드,,디지털 농업 단지
149,디커플링,,탈동조화
150,디텍터,,"탐지기, 검출기, 검파기, 검전기"
151,디폴트옵션,,사전 지정 운영 제도
152,디프 러닝,딥 러닝,"심층 기계 학습, 심화 학습"
153,디프 체인지,딥 체인지,근본적 변화
154,디프 컨트롤,딥 컨트롤_딥 콘트롤,완벽 제어
155,디프 테크,딥 테크,기저 기술
156,디프 페이크,딥 페이크_딥 훼이크,"이미지 합성 기술, 가짜 영상, 얼굴 합성 영상, (인공 지능 기반) 첨단 조작 기술"
157,디플로마,,"졸업장, 수료증, 학위 증명서"
158,딜 소싱,,"투자처 발굴, 투자자 접촉단계"
159,라스트 마일,,최종 구간
160,라운드 테이블,,원탁회의
161,라이닝,,"안감, 2차 복공, 2차 도장, 2차 피복, 피복 보호 작업"
162,라이다 드론,,"측정 드론, 관측 드론, 3차원 레이저 측량 드론"
163,라이선싱,라이센싱,"면허, 허가"
164,라이트 블루,,하늘색
165,라이트 쇼,,"불빛 공연, 조명 공연, 조명 쇼, 빛 쇼"
166,라이프 라인,,생활 기반망
167,라이프 로그,,일상 정보
168,라이프 세이버,,"인명 구조원, 안전 요원, 생명 구조(원) "
169,라이프 태그,라이프 택,생명 팔찌
170,라이플,,소총
171,라키비움,,복합 문화 공간
172,라포르,라포,"신뢰 관계, 유대감"
173,래핑,랩핑,"포장, 도배"
174,래핑 광고,랩핑 광고,도배 광고
175,래핑 트럭,랩핑 트럭,광고 트럭
176,랜,,"(근거리) 통신망, 근거리망"
177,랜딩,,착지
178,러닝 개런티,런닝 개런티,흥행 보수
179,러닝 팩토리,러닝 팩토리,실습장
180,러프 지역,,"잡초 지역, 부정적 구역"
181,런 아웃,,(중심축) 이탈
182,런치 플레이션,,"점심 물가 상승, 점심값 상승 "
183,레거시,,"유산, 대회 유산"
184,레드 존,,"청소년 제한 구역, ○○ 위험 구역"
185,레몬 마켓,,정보 불균형 시장
186,레이블,,"음반 회사 상표, 꼬리표"
187,레이팅,,"등급 매김, 신용도"
188,레일 파크,,"철로 공원, 철도 공원, 기차 공원, 철길 공원"
189,레저웨어,레져웨어,여가 옷
190,레지스탕스,레지스탕트,저항
191,레지스터,,"저항기, 기록기"
192,레짐,,체제
193,레터 프레스,,"압착 인쇄, 띠 제본, 활판 인쇄"
194,레토르트,레또르트,고압 가열 살균
195,레퍼런스 매뉴얼,레퍼런스 매뉴얼,참조 설명서
196,레퍼리,,"심판장, 심판, 심사 위원"
197,레프트 윙,,"왼쪽 공격수, 왼쪽 날개"
198,렉처,렉쳐,"강연, 강의"
199,렌더링,,"완성 예상도, 구현 이미지, 구현 영상, 창작 연주, 영상 추출"
200,렌트 푸어,,세입 빈곤층
201,로 푸드,로우 푸드,저자극식
202,로고 라이트,,"문자 조명, 로고 조명, 밤길 조명"
203,로고젝터,,알림 조명
204,로그 시트,,운영 기록지
205,로그 파일,,사용 기록
206,로드 북,,도로 안내서
207,로드 체킹,,"도로 점검, 현황 점검, 사전 점검, 현장 점검"
208,로보어드바이저,로봇어드바이저,로봇 자산 관리사
209,로보틱스,,로봇 공학
210,로스 컷,,"손절매, 손절 매도"
211,로열박스,,귀빈석
212,로직,,논리
213,로진 백,,"송진, 송진 주머니"
214,로컬 소싱,,현지 조달
215,로컬 시네마,,"지역 영화, 지역 독립 영화"
216,로컬 크리에이터,,지역 가치 창출가
217,로컬 트립,,지역 여행 
218,로컬 페어 트레이드,,지역형 공정 무역
219,로컬택트,,지역 울타리 활동
220,로테크,로우테크,단순 기술
221,로하스,,친환경살이
222,론드리,"런드리, 런더리","세탁소, 세탁물"
223,롤 오버,,만기 연장
224,롱 코비드,,코로나 감염 후유증
225,롱 폼,,"긴 영상, 긴 형식"
226,루미나리아,루미나리에,"불빛 축제, 불빛 잔치, 불빛 조명 시설"
227,르포,,"현지 보고, 보고 기사, 현장 보고, 현장 보고서"
228,리걸테크,,"법률 정보 기술, 법률 정보 기술 서비스"
229,리넨,린넨,"마, 마직물"
230,리디노미네이션,,화폐 단위 변경
231,리딩 브랜드,,"으뜸 상표, 주도 상표"
232,리미티드 런,,기간 한정 공연
233,리버서블,리버시블,"양면으로 쓰는, 양면 사용, 양면"
234,리버스,,"역전, 역(逆), 거꾸로"
235,리버스 멘토링,,"역상담, 역지도, 거꾸로 상담, 거꾸로 지도 "
236,리벤지 포르노,,보복성 음란물
237,리브랜딩,,상표 새 단장
238,리빌드,리빌딩,재구성
239,리빙 랩,,생활 실험실
240,리빙 트립,,살아 보기 여행
241,리빙 페어,,생활 산업 박람회
242,리서치 헤드,,수석 연구원
243,리세션,,경기 후퇴
244,리셀 테크,,재판매 투자
245,리소그래피,리소그라피,"석판 인쇄, 평판 인쇄, 광학 인쇄, 기판 인쇄, 패턴 형성 기술"
246,리쇼어링,,국내 복귀
247,리스 백,,매각 차용
248,리스 산업,,임대업
249,리스케줄링,,"채무 상환 조정, 채무 재조정, 일정 조정"
250,리스토어,,복원
251,리시빙,,받기
252,리어 휠,,뒷바퀴
253,리오프닝,,"재개, 재개막, 재개관, 재개통"
254,리유저블 컵,,다회용 컵
255,리커버,,새 표지
256,리크루팅,리쿠르팅,"채용 (활동), 모집 활동, 구인 활동"
257,리크리에이트,,재창조
258,리터러시,,"문해력, 이해력"
259,리테일,,"소매, 소매 금융"
260,리테일 스토어,,소매점
261,리테일 테크,,첨단 소매 유통 기술
262,리테일러,,소매업자
263,리틀 시어터,,소극장
264,리퍼브,리퍼,손질 상품
265,리프 프로깅,립 프로깅,"기술 도약, 기술 혁신"
266,리프레시 데이,,재충전의 날
267,리플라이,,"답변, 회답, 회신"
268,리플렉스,,"반사판, 반사"
269,리플릿,리플렛,"광고지, 홍보지, 홍보 책자, 홍보 전단, 광고 쪽지, 홍보물, 안내문"
270,리플족,,"댓글족, 답글족"
271,리필스테이션,,"채우기 구역_가게_상점_공간, 충전소"
272,릴랙스 웨어,릴렉스 웨어 ,"휴식복, 편의복"
273,릴레이 골,,연속 골
274,릴리스,릴리즈,"출시, 배포"
275,링크 텍스트,,연결 문서
276,링크스,,바닷가 골프장(운동)
277,링클 프리,,구김 방지
278,마니페스토,매니페스토,참공약
279,마리나,,해안 유원지
280,마스터 리스,,재임대
281,마이너 캐릭터,,주변 인물
282,마이너리티,,"소수 집단, 소수자"
283,마이스,MICE,전시 복합 산업
284,마이크로 데이터,,기초 자료
285,마이크로 러닝,,"단기 학습, 짤막 학습"
286,마이크로 미디어,,개인 매체
287,마이크로 브루어리,마이크로 브루어리,소규모 맥주 공장
288,마이크로 투어리즘,마이크로 투어,근거리 여행
289,마이크로그리드,,소규모 독립형 전력망
290,마이크로바이옴,,인체 미생물 유전 정보
291,마일스톤,,"이정표, 중요 단계"
292,마켓 셰어,마켓 쉐어,시장 점유(율)
293,마켓 테스트,,시범 판매
294,마크로 노믹스,매크로 노믹스,마크롱 경제 정책
295,마타도어,마타도르,"흑색 선전, 모략 선전"
296,매니시,,남성적
297,매니시 룩,,남성풍
298,매니지드 서비스,,위탁 관리 서비스
299,매니징 디렉터,,경영 감독
300,매스 게임,,집단 체조
301,매스 미디어,,대중 매체
302,매스티지,,"대중 명품, 준명품, 명품의 대중화"
303,매치 메이킹,,"상대 결정, 상대 정하기"
304,매치업,,"맞대결, 대진, 일대일"
305,매칭 그랜트,,"동반 기부, 대응 기부, 상호 맞춤 후원"
306,매칭 데이,,"이음의 날, 연결의 날"
307,매칭 펀드,,"대응 자금, 대응 기금, 공동 자금 출자, 연계 투자 "
308,매핑,맵핑,"도표화, 지도화, 투영, 투사,  사상(寫象)"
309,맥시멀리스트,,최대주의자
310,맥시멀리즘,,최대주의
311,머그 숏,머그 샷  (제도),피의자 사진 (공개 제도)
312,머스트 해브,,필수(품)
313,머신 랭귀지,,기계어
314,머천다이징,,상품화
315,멀티 사인,멀티 싸인,"다중 신호, 무전력 광고판"
316,멀티 스폿,멀티 스팟,"다면, 다중, 다각도"
317,멀티 유즈,멀티 유스,다용도
318,멀티 커리어리즘,,겸업 현상
319,멀티 페르소나,,다면(적) 자아
320,멀티데믹,,감염병 복합 유행
321,메가 리전,,초거대 도시 연결권
322,메가 뱅크,,"거대 은행, 초대형 은행"
323,메가 에프티에이,메가 FTA,다자간 자유 무역 협정
324,메가 폴리스,,거대 도시
325,메디 시티,메디컬 시티,의료 도시
326,메디 푸드,메디컬 푸드,"의료식, 특수 영양 식품"
327,메디컬 비자,,"의료 비자, 의료 사증"
328,메세나,,"문예 후원, 예술 후원"
329,메이커 교육,,창조 혁신 교육
330,메이커 스페이스,,열린 제작실
331,메이커스,,"제작자, 제조업체 "
332,메이커스 랩,,창조 혁신 실험실
333,메인스트림,,주류
334,메커트로닉스,,전자 정보 기계
335,메타 패션,,가상 세계 패션
336,메타데이터,,"설명 데이터, 해당 대상 설명 데이터, 정의 데이터, 속성 정보"
337,메타포,,은유
338,메탈릭,,금속성
339,모노톤,,"단색조, 무채색"
340,모던 리얼리즘,,현대 사실주의
341,모듈러 주택,모듈라 주택,조립식 주택
342,모라토리엄,,지불 유예 (기간)
343,모럴,모랄,"도덕, 도덕적"
344,모럴 해저드,모랄 해저드,도덕적 해이
345,모멘텀,,전환 국면
346,모바일 아이에스피,모바일 ISP,모바일 인터넷 서비스 사업자
347,모빌리티 플랫폼,,온라인 이동 수단 거래터
348,모션 그래픽,,동작 그래픽
349,모션 컨트롤,모션 콘트롤,"동작 제어, 동작 제어법"
350,모티켓,,통신 예절
351,무드 보드,,"발상 모음 판, 아이디어 모음 판"
352,무비 트레일러,,예고편
353,뮤지엄 숍,"뮤지엄 샵, 뮤지업 샾","박물관 상점, 박물관 기념품점, 박물관 가게"
354,뮤지엄 콤플렉스,뮤지엄 컴플렉스,"국립 박물관 복합 단지, 박물관 단지"
355,미니멀 드레싱,,"최소 차림, 최소 차림법"
356,미니멀 아트,,단순 미술
357,미니멈 개런티,,최소 보장 금액
358,미니아튀르,,세밀화
359,미닝 아웃,,소신 소비
360,미들 파워,,중재 국가
361,미디어 글라스,미디어 글래스,"외벽 영상 유리, 영상 투영 유리"
362,미디어 리터러시,,매체 이해력
363,미디어 믹스,,매체 활용 전략
364,미디어 스크램블,미디어 스크럼블,매체 혼합
365,미디어 스트리트,,"거리 매체, 매체거리"
366,미디어 월,,"벽면 전광판, 내벽 영상, 벽면 영상, 벽면 매체 예술"
367,미러 시트,,안심 거울
368,미스터리 쇼퍼,,"비밀 평가원, 암행 평가원"
369,미스트파고라,미스트파고라,"안개 그늘막, 안개 분사 그늘막, 물 분무 그늘막, 물 나오는 그늘막, 물 나오는 해 가리개"
370,미코노미,,"자기중심 소비, 나를 위한 소비"
371,믹스트 존,,공동 취재 구역
372,밀랍 백,비즈 왁스 백,"밀랍 가방, 밀랍 봉투"
373,밀리터리 배낭,,"군대 배낭, 군인 배낭, 군용 배낭"
374,밋업,미트업,"설명회, 만남"
375,밋업 데이,미트업 데이,"전문가 모임, 관계자 모임"
376,바로미터,,"잣대, 지표, 척도"
377,바이 소셜,,상생 소비
378,바이럴 마케팅,,"입소문 마케팅, 입소문 판매"
379,바이백,,"되사기, 주식 되사기"
380,바이오 밸리,,생명 공학 지구
381,바이오 월,,수직 정원
382,바이오매스,,"생물량, 생물 에너지원"
383,바이오시밀러,,"생명 의약품 복제약, 동등 생물 의약품"
384,바이오클러스터,,생명 공학 협력 단지
385,바이오필리아,,생명 사랑
386,바이패스,,"우회  수용 불가, 환자 수용 불가, 우회(迂廻), 에돌기"
387,바인딩,,"조임, 조임쇠, 부착기"
388,박스 아웃,,"길 차단, 진로 방해"
389,방카쉬랑스,방카슈랑스,은행 연계 보험
390,배리어 프리,,"무장애, 무장벽, 장애물 없는, 장벽 없는"
391,백 브리핑,,덧보고
392,백 드롭,백 드랍,배경 막
393,밴사,,"결제 대행 업체, 신용 카드 결제망 사업자, 부가 가치 통신망 사업자"
394,밸류 체인,,"가치 사슬, 공급망, 공급 체계"
395,밸류에이션,,"가치 평가, 평가 가치"
396,밸리 효과,,"후유증, 올림픽 후유증"
397,버드 스트라이크,,"조류 충돌 사고, 항공기 조류 충돌 사고"
398,버즈 마케팅,,입소문 마케팅
399,버추얼,,가상
400,버튼홀,,단춧구멍
401,버티컬 라인,"바티칼 라인, 버티칼 라인, 바티컬 라인",수직선
402,버티컬 크로스,"바티칼 크로스, 버티칼 크로스, 바티컬 크로스",수직 이동
403,벅스킨,,사슴 가죽
404,번들링,번들,"묶음 판매, 끼워 팔기"
405,번인 현상,,"잔상 현상, 화면 잔상 현상"
406,벙커링,,급유
407,베그패커,,구걸 배낭족
408,베이비 스텝,,소폭 조정
409,베이비 페어,,육아용품 박람회
410,베이비 플래너,,육아 설계사
411,베이퍼웨어,,신기루 상품
412,베팅 존,,돈 걸기 구역
413,벤더,밴더,"중간 유통업자, 판매사"
414,벤더 페어,밴더 페어,행상 주선 박람회
415,벤처 캐피털,"벤쳐 캐피털, 벤쳐 캐피탈, 벤처 캐피탈","벤처 투자사, 벤처 투자 자본"
416,벤치 클리어링,,"몸싸움, 집단 몸싸움, 선수단 몸싸움"
417,벤치워머,,"대기, 대기 선수, 후보 선수"
418,보디 카피,바디 카피,광고 문안
419,보어 아웃,,권태 증후군
420,보텀업,바텀업,상향식
421,보틀넥,바틀넥,병목 현상
422,볼라드,,"진입 방지 말뚝, 길 말뚝"
423,볼런티어,"발룬티어, 밸런티어, 벨런티어",자원봉사자
424,볼런티어 페어,,자원봉사(자) 박람회
425,북 섹션,,"책 소개 면, 책 소개란"
426,북 코칭,,독서 지도
427,북 큐레이션,,"책 추천, 추천 도서 목록"
428,북 세러피,북 테라피,"독서 치료, 독서 치유, 책 읽기 치료법"
429,북 텔러,,책 읽어 주는 사람
430,북 페어,,도서 박람회
431,북바캉스,북캉스,"독서 휴가, 독서 피서"
432,붐 업,,"활성화, 띄우기"
433,뷰박스,,손 세정 검사기
434,뷰파인더,,보기 창
435,브라운 백 미팅,,"도시락 토론회, 도시락 모임, 도시락 회의"
436,브레인 포그,,뇌 흐림
437,브레인스토밍,,"자유 토론, 난상 토론, 발상 모으기"
438,브로슈어,,"안내서, 소책자"
439,블라인드 트러스트,,"백지 위임, 백지 신탁(제)"
440,블라인드 티켓,,출연진 미공개 할인표
441,블라인드 펀드,,"투자처 미특정 기금, 선모집 후투자 기금"
442,블랙마켓,,암시장
443,블로그스킨,,블로그 디자인
444,블록 세일,블럭 세일,주식 일괄 매각
445,블루 이코노미,,청색 경제
446,블루 존,,"안전 지역, 보호 구역, 청정 지역"
447,블루 플래그,,"청색 깃발, 친환경 해수욕장"
448,블루벨트,,"청정 수역, 근해 보호 지역, 수산 자원 보호 지역"
449,블루진,,청바지
450,블루 푸드 산업,,수산 식품 산업
451,비건 레더,,"인조 가죽, 비동물성 가죽"
452,비비에스,BBS,게시판 체계
453,비욘드 코로나,,"코로나 너머, 코로나 넘기"
454,비전 드로잉,,"핵심 가치 이미지화, 성장 가치 디자인"
455,비주얼 노블,비주얼 노벨,"소설형 게임, 그림 소설"
456,비주얼 디스플레이,,"시각 표시, 영상 표시"
457,비즈 매칭,,사업자 연계
458,비치코밍,,해변 정화
459,비트 메이커,,비트 제작자
460,빅 바이어,,"큰손 구매자, 유력 구매자, 주요 구매자"
461,빅 블러,,탈경계
462,빅 스텝,,대폭 조정
463,빅 테크,,"정보 기술 대기업, 거대 정보 기술"
464,빅 텐트,,"초당파 연합, 포괄 정당"
465,빈지워칭,,몰아 보기
466,사보타주,사보타지,태업
467,사이니지,,"(맞춤형) 광고판, 간판, 표지판"
468,사이버 론,,온라인 대출
469,사이버 인프라,,전자 정보 공유 기반 시설
470,사이버 불링,,"사이버 괴롭힘, 사이버 폭력"
471,사일런트,,"무성 영화, 말 없는, 조용한"
472,사일로,,"저장탑, 저장 창고, 사료‧곡물 저장탑"
473,섀도 캐비닛,섀도우 캐비닛,그림자 내각
474,서든 데스,,"즉각 퇴출, 단판 승부"
475,서머리,,"간추림, 요약, 개요"
476,서밋,서미트,"회담, 정상 회담"
477,서스펜더,,멜빵
478,서킷,,회로
479,서킷 보드,,회로판
480,서킷 브레이커,서킷 브레이크,"일시 매매 정지, 주식 거래 중단 제도"
481,서티피케이션,,인증서
482,서핑 비치,,서핑 해변
483,성인 풀,,"성인 인력 은행, 성인 수영장"
484,세이버,,지킴이
485,세이빙,,"막음, 지킴, 선방"
486,세이프티 콜,,작업 중지 요청
487,세컨더리 보이콧,세컨드리 보이콧,"제3자 제재, 제3국 제재"
488,셀링,,판매
489,셀프 디펜스,,"자기 방어, 자가 방어, 자가 수비"
490,셧아웃,,"완봉, 공장 폐쇄"
491,셰어런팅,쉐어런팅,자녀 공개
492,셸터,쉘터,"피신처, 대피소, 보호소, 쉼터, 가림막 정거장"
493,소셜 다이닝,,밥상 모임
494,소셜 믹스,,어울 단지 (조성)
495,소셜 벤처,,사회적 벤처
496,소셜 섹터,,"사회 기여 부문, 사회 기여 공동체"
497,소셜 워커,,"사회 복지사, 사회 기여 노동자"
498,소싱,,"조달, 생산, 대외 구매"
499,소트,솔트,정렬
500,소퍼모어 징크스,,"후속작 증후군, 2년 차 증후군"
501,소프트 랜딩,,연착륙
502,소프트 파워,,"문화적 영향력, 부드러운 힘"
503,솔라 시티,,"태양 에너지 도시, 햇살 도시"
504,솔리언,,"또래 상담, 또래 상담사, 도움 친구"
505,쇼트 리스트,숏 리스트,최종 후보 명단
506,쇼트 폼,숏폼,"짧은 영상, 짧은 형식"
507,숍 마스터,"숍마, 샵 마스터","매장 담당, 매장 담당자"
508,숍 인 숍,샵 인 샵,어울가게
509,수출 셰어,수출 쉐어,수출 점유율
510,슈 메이커,슈즈 메이커,신발 제작자
511,슈링클스,,열 수축 플라스틱 종이
512,슈퍼 사이클,수퍼 사이클,"장기 호황, 장기 가격 상승, 초호황"
513,슈퍼 체인,수퍼 체인,"대형 연쇄점, 대형 잡화 연쇄점"
514,스니즈 가드,,침방울 가림막
515,스리디,"3D, 쓰리디","3차원, 입체"
516,스리디 매핑,"3D 매핑, 3D 맵핑, 스리디 맵핑, 쓰리디 매핑, 쓰리디 맵핑","입체 영상 투영, 삼차원 투영, 입체 투사법, 삼차원 투사법, 입체 투사 기법, 입체 투사 영상 기법"
517,스마트 가든,,지능형 정원
518,스마트 공항,,"지능형 공항, 첨단 공항"
519,스마트 국방,,"지능형 국방, 첨단 국방"
520,스마트 그리드,,지능형 전력망
521,스마트 글라스,스마트 글래스,지능형 안경
522,스마트 러닝 팩토리,,지능형 실습 공장
523,스마트 빌리지,,지능형 마을
524,스마트 셸터,"스마트 셀터, 스마트 쉘터",복합 기능 쉼터
525,스마트 솔라 트리,,"지능형 태양광 나무, 나무형 태양광 발전기, 지능형 나무 벤치, 지능형 태양광 나무형 벤치"
526,스마트 워크,,원격 근무
527,스마트 웰니스,,"지능형 건강 관리, 개인 맞춤형 차세대 건강 돌봄"
528,스마트 폴,,지능형 기둥
529,스마트 랩,,"지능형 실험실, 자동화 실험실"
530,스마트 플러그,,지능형 플러그
531,스몰 딜,,"부분적 합의, 부분적 협상"
532,스몰 라이선스,스몰 라이센스,소규모 인허가
533,스와프,스왑,"(주식) 맞교환, (국가 간) 통화 맞교환"
534,스웰링,,"배부름, 팽창, 부풂"
535,스위치히터,,양손 타자
536,스위칭,,"전환, 바꾸기"
537,스윔슈트,스위밍 슈트,수영복
538,스윙 보터,,유동 투표층
539,스카이 브리지,스카이 브릿지,구름다리
540,스케일업,,"확장, 확대"
541,스쿨 팜,,학교 텃밭
542,스크리닝,,"선별, 훑어보기, 점검, 수비 차단"
543,스크립터,,"촬영 기록자, 구성 작가"
544,스키드 마크,,타이어 (밀린) 자국
545,스타일 테크,,"스타일 첨단 기술, 첨단 패션 기술, 첨단 뷰티 기술, 첨단 패션 뷰티 기술"
546,스탠드스틸,,"이동 제한, 일시 이동 제한, 현상 동결 합의"
547,스탬프 랠리,스템프 랠리,도장 찍기 대회
548,스탬프 존,스템프 존,도장 찍기 구역
549,스테이어,,"장거리 경주마, 버팀인"
550,스테이케이션,,근거리 휴가
551,스텝 박스,,"디딤 발판, 디딤대, 계단 운동 발판"
552,스텝업,,"(단계) 상승, 인상"
553,스토리노믹스,,이야기 산업
554,스토리지,,"정보 저장, 저장 장치, 기억, 기억 장치, 저장소"
555,스토핑,스톱핑,정지시키기
556,스톡,,"잔액, 잔량"
557,스톱오버,스탑오버,경유지 체류
558,스튜어드십 코드,,의결권 행사 지침
559,스트라이프 패턴,,줄무늬
560,스트레이트 뉴스,,"단신 기사, 발생 기사, 단신, 직접 뉴스"
561,스트리트 갤러리,스트릿 갤러리,"거리 전시장, 거리 화랑, 길가 화랑"
562,스트링,,"문자열, 끈"
563,스티밍,,열처리
564,스파우트,,"주둥이형 파우치, 주둥이형 음료 주머니"
565,스페셜 이펙트,,특수 효과
566,스페셜티 스토어,,전문점
567,스페이스 텔링,,이야기가 있는 공간
568,스폿 뉴스,스팟 뉴스,"초점 뉴스, 반짝 뉴스"
569,스폿 아이템,스팟 아이템,반짝 상품
570,스프린트 게임,,단거리 경기
571,스피너,,"팽이 회전, 회전, (회전식) 손 장난감"
572,스피드 팩토어,,잰맞춤 생산 (체계)
573,스피어 피싱,,표적 온라인 사기
574,스핀오프,,"회사 분할, 계열사, 파생작, 파급 효과"
575,슬래브,슬라브,"바닥판, 평판"
576,슬러거,,강타자
577,슬리브,슬립,소매
578,슬리포노믹스,,"숙면 산업, 숙면 경제"
579,슬립 다운,,미끄러져 넘어짐
580,슬립 테크,,숙면 기술
581,시네마 가든,,"영화 상영 정원, 영화 공원"
582,시네마 세러피,시네마 테라피,"영화 치유, 영화 치료(법)"
583,시드 뱅크,씨드 뱅크,종자 은행
584,시드 볼,씨드 볼,"씨앗 공, 구형 씨앗 흙"
585,시머트리,시메트리,"균형, 균제"
586,시스템 트레이딩,,"시스템 매매, 자동 매매"
587,시아르,"CR, 시알","대민 관계, 대외 협력"
588,시에스,CS,고객 만족
589,시티 룩,,"도시풍, 도시풍 옷차림"
590,시티 팜,,도시 농원
591,식스 맨,,"우수 후보 선수, 여섯 번째 선수"
592,신 파일러,씬 파일러,금융 이력 부족자
593,실러버스,실라버스,"강의 계획, 강의 계획서"
594,실버 서퍼,,디지털 친화 어르신
595,실버 시터,,"어르신 도우미, 경로 도우미"
596,실버 카,,노인 보행 보조 기구
597,심벌리즘,심볼리즘,상징주의
598,싱글 윈도 시스템,싱글 윈도우 시스템,통관 단일 창구제
599,싱잉 볼,,"명상 종, 명상 그릇"
600,싱크 탱크,,"두뇌 집단, 참모 집단"
601,싱킹 현상,,"꺼짐, 꺼짐 현상"
602,아르 누보,,신예술
603,아르피에이,"RPA, 알피에이",업무 처리 자동화
604,아베크,,"동반, 남녀 동반"
605,아웃 링크,,외부 연결 (방식)
606,아웃 사이즈,,특대형
607,아웃라이어,,독특한 사례
608,아웃리치,,"현장 봉사, 현장 지원 활동"
609,아웃바운드,,전화 방문 영업
610,아이스 겔,아이스 젤,"냉각 겔, 냉각 젤, 냉각제"
611,아이스 브레이킹,,"어색함 풀기, 서먹함 깨기, 서먹함 풀기"
612,아이시티,ICT,정보 통신 기술
613,아이에스에이,ISA,개인 종합 자산 관리 계좌
614,아이오티,IOT,사물 인터넷
615,아이피 포인트,IP 포인트,지식 재산 제공 점수
616,아카이브,,"자료 보관소, 자료 저장소, 기록 보관, 기록 보존, 자료 전산화"
617,아카이빙,,"자료 보관, 자료 저장, 기록 보관, 기록 보존, 자료 전산화"
618,아쿠아스케이프,,수생 조경
619,아쿠아포닉스,,물고기 농법
620,아키비스트,,"기록 보존 관리 전문가, 자료 보존 관리 전문가"
621,아키텍처,,"건축, 설계, 설계 구조, 시스템 구성, 업무 관리 구조화 체계, 조직화 체계"
622,아트 드로잉,,"그리기, 그림 그리기"
623,아트 마켓,,예술 시장
624,아트 뱅크,,미술(품) 은행
625,아트 시어터,아트 씨어터,예술 극장
626,아트 워크,,"미술 작품, 창조적 시각 예술"
627,아트 월,,(예술적) 꾸밈 벽
628,아트 위크,,예술 주간
629,아트 캠프,,"예술 캠프, 예술 야영"
630,아트 페어,,"미술 전람회, 미술 박람회"
631,아트 프린트,,"원화 인쇄, 원화 인쇄본, 원화 인쇄물"
632,아트버스터,,흥행 예술작
633,아트 셰이드,아트 쉐이드,디자인 그늘막
634,아틀리에,아뜰리에,"작업실, 제작실"
635,아티스틱 디렉터,,예술 감독
636,안심 스테이션,,"안전 구역, 안심 구역"
637,안테나 숍,안테나 샵,탐색 매장
638,암홀,,진동
639,애니멀 세러피,애니멀 테라피,"동물 매개 치유, 동물 매개 치료"
640,애니멀 호더,,동물 수집꾼
641,애슬레저,,일상 운동복
642,애시 그레이,애쉬 그레이,"잿빛, 회색"
643,애시 블루,애쉬 블루,회청색
644,애자일,,"탄력적인, 유연한"
645,애자일 조직,,탄력 조직
646,애프터 마켓,,후속 시장
647,액셀러레이터,엑셀러레이터,"(새싹 기업, 창업 초기 기업) 육성 기관, 창업 기획자, 육성, 창업 기획"
648,액션 그룹,,(지역) 활동가 모임
649,액션 미팅,,활성화 모임
650,액션 페인팅,,"행위 그림, 행위 예술"
651,액션 플랜,,"실행 계획, 세부 계획"
652,액티브 시니어,엑티브 시니어,활동적 장년
653,액티브 에이징,엑티브 에이징,활기찬 노년
654,앤솔러지,"앤솔로지, 엔솔러지, 엔솔로지","작품집, 문집, 명작 선집"
655,앤티시페이션,,"예측, 기대"
656,앰부시 마케팅,앰부쉬 마케팅,간접 판촉
657,앰비슈머,,가치 소비자
658,앱스트랙트,,"추상, 추상적"
659,앵커 공간,,"핵심 공간, 거점 공간"
660,앵커 기업,,"선도 기업, 중심 기업"
661,앵커 숍,앵커 샵,거점 매장
662,앵커 시설,,"종합 지원 시설, 주요 시설"
663,어닝 서프라이즈,,실적 급등
664,어닝 쇼크,,실적 충격
665,어메니티,어매니티,편의 물품
666,어번 라이프,어반 라이프,도시 생활
667,어뷰징,,"조회 수 조작, 부정행위 남용"
668,어젠다,아젠다,"의제, 가치관"
669,어태치트 칼라,어태치드 칼라,"붙임 칼라, 탈착 칼라"
670,어트랙션,어트렉션,"구경거리, 놀이기구, 명소"
671,어패럴,,"의복, 의류"
672,어패럴 메이커,,"의복 제조업, 의류업체"
673,어패럴 산업,,의류 산업
674,어퍼넌트,"오퍼넌트, 오포넌트","상대, 상대자"
675,언더도그,언더독,"약자, 약자 효과"
676,언더스터디,,"대기 배우, 대역 배우"
677,언더패스,,아래 차로
678,얼라이언스,,"동맹, 연합, 동맹 단체, 연합체 "
679,얼터너티브,"얼터니티브, 올터너티브",대안
680,엄파이어,,심판
681,업라이트,,"오른쪽 뒤, 무대 오른쪽 뒤, 수직형, 상향, 상향 불빛"
682,업스트림,,"위 흐름, 위 단계 흐름"
683,에너지 믹스,,"에너지 융합, 에너지원 다양화, 에너지 변환"
684,에듀 컬처 콘텐츠,"에듀 컬쳐 콘텐츠, 에듀 컬처 컨텐츠, 에듀 컬쳐 컨텐츠",교육 문화 콘텐츠
685,에듀 팜,,농촌 체험 농장
686,에듀테인먼트,,"놀이식 교육, 놀이 학습"
687,에듀테크,,교육 정보 기술
688,에디트,,편집
689,에뮬레이션,애뮬레이션,"대리 실행, 대행"
690,에뮬레이터,애뮬레이터,"대리 실행기, 대행기"
691,에뮬레이트,애뮬레이트,"대리 실행 하다, 대행하다"
692,에반젤리스트,,전도사
693,에비뉴,애비뉴,"거리, 큰 거리, 길, 방안"
694,에스닉,,"민속복, 민속풍"
695,에어 커튼,,"공기 조절 (장치), 공기 커튼"
696,에어 택시,,항공 택시
697,에어 간판,,"공기 간판, 풍선 간판"
698,에어 돔,,공기 지붕
699,에어리어,에리어,"지역, 구역"
700,에어 바운스,,"공기 놀이터, 공기 놀이기구"
701,에이지리스,,나이 무관
702,에이징 커브,,노화 곡선
703,에이징 테크,,고령 맞춤 기술
704,에지 컴퓨팅,엣지 컴퓨팅,분산 서버 실행
705,에코 드라이빙,,친환경 운전
706,에코 힐링,,자연 치유
707,에코엔티어링,,"자연 탐험 활동, 자연 모험 활동, 친환경 수행 활동"
708,에코티어링,,생태 탐험
709,에코하이킹,,"친환경 도보 여행, 친환경 걷기"
710,에피데믹,,"(감염병) 유행, (감염병) 국가적 유행, (감염병) 다국가 유행, (감염병) 예상 밖 유행"
711,엑소더스,,"탈출, 대이동"
712,엔데믹 블루,,"일상 회복 불안, 일상 회복 우울"
713,엔에프티,NFT,대체 불가 토큰
714,엘리베이터 피치,,"요점 전달, 짧은 홍보"
715,엠바고,,보도 유예
716,영 케어러,,가족 돌봄 청년
717,옐로 카펫,"옐로우 카펫, 옐로 카페트, 옐로우 카페트",건널목 안전 구역
718,오가노이드,오거노이드,"유사 장기, 인공 장기"
719,오너 코드,,명예 규율
720,오디언스,,"시청자, 청취자, 청중, 관객"
721,오버 페인팅,,덧칠
722,오버도그,오버독,강자
723,오버래핑,오버랩핑,겹치기
724,오버로드,,과부하
725,오버부킹,,초과 예약
726,오버슈즈,,덧신발
727,오버웨이트,,"과다 보유, 중량 초과"
728,오버코트,,외투
729,오버행,,"물량 부담, 돌출 암벽"
730,오버홀,,"재생 수리, 완전 분해 수리"
731,오서독스,"오소독스, 오소덕스","전통적, 정통적"
732,오일 허브,,석유 집산지
733,오일볼,,기름 뭉치
734,오일펜스,,"기름 막이, 기름 차단막"
735,오토 레이스,,자동차 경주
736,오토메이션,,"자동, 자동화"
737,오트 쿠튀르,오뜨 꾸뛰르,고급 의상점
738,오티시 시장,"OTC 시장, 오티씨 시장",장외 시장
739,오퍼상,,"판매 알선업자, 판매 확약업자"
740,오픈 랩,,"개방형 연구실, 열린 실험실"
741,오픈 베타,,공개 시범
742,오픈 스카이,,항공 자유화
743,오픈 스탠스,,"열린 자세, 열린 태도"
744,오픈 스파이크,,고공 공격
745,오픈 스페이스,,열린 쉼터
746,오픈 액세스,오픈 엑세스,개방형 정보 열람 (서비스)
747,오픈 이노베이션,,"개방형 혁신, 개방형 혁신 전략"
748,오픈 캠퍼스,,"기관-대학 협력 교육, 공개 교실"
749,오픈 코스,,"자유 주로, 열린 주로"
750,오픈 프라이머리,,"국민 경선, 국민 경선제"
751,오피니언 리더,,"여론 주도자, 여론 주도층"
752,온 디맨드,,주문형
753,온보딩,,"적응 지원, 조직 적응"
754,온사이드,,"공격 지역, 공격 가능 지역"
755,온택트,,"영상 대면, 화상 대면"
756,옴니채널,,통합 유통망
757,옴부즈맨,옴부즈만,민원 도우미
758,옴부즈퍼슨,,민원 도우미
759,옵서버,옵저버,참관인
760,옵아트,,광학 미술
761,옵티컬 일루전,,착시
762,와레즈 사이트,,불법 소프트웨어 사이트
763,와이너리,,"와인 제조장, 와인 양조장"
764,왜건,웨건,유아 수레
765,왜그 더 도그,"왜그 더 독, 왝 더 독",본말 전도
766,외교파우치,,외교 행낭
767,우드 버닝,,나무 태우기 (기법)
768,울트라미니,,초미니
769,워 게임,,"전쟁 놀이, 군사 연습, 모의 전쟁"
770,워닝,,경고
771,워드 마크,,글자 상징
772,워셔블,,물세탁 가능
773,워셔블 슈트,워셔블 수트,"물빨래 옷, 물빨래 양복"
774,워커밸,,주객 평등
775,워케이션,,휴가지 원격 근무
776,워크 스루,워킹 스루,"도보 이동형, 도보형"
777,워크 오버,,부전승
778,워크 체인,,"체험형 진로 탐색, 현장 기반 직업 이해 프로그램"
779,워크셰어링,워크쉐어링,일자리 나누기
780,워킹 그룹,,실무단
781,워킹 드로잉,,작업도
782,워킹 슈트,워킹 수트,산책복
783,워킹 푸어,,근로 빈곤층
784,워터 스크린,,수막 영상
785,워터 터널,,"물놀이 터널, 물 터널"
786,워터 프런트,워터 프론트,"물가, 수변"
787,워터 해저드,,"웅덩이, 물 웅덩이"
788,원 루프 서비스,,한 지붕 서비스
789,원 테이크,,"일회 완성 촬영, 단번 촬영"
790,원샷 플레이,,마지막 공격
791,월 패드,,통합 주택 제어판
792,웜업,,"예열, 예열하다"
793,웨비나,,"화상 토론회, 화상 회의"
794,웨어러블 스마트 디바이스,,"지능형 착용 기기, 착용형 휴대 기기"
795,웨어러블 캠,,착용형 촬영 기기
796,웨이스트,,허리
797,웨이퍼,,회로판
798,웨트 에이징,웻 에이징,습식 숙성
799,웰니스,,건강 관리
800,웰다잉,,"편한 죽음, 존엄사, 잘 죽기"
801,웰리빙,,"잘 살기, 건강 생활, 건강한 삶"
802,웰에이징,,건강 노년맞이
803,웰컴 스테이션,,맞이방
804,웰컴 키트,,환영 꾸러미
805,웹진,,"누리 잡지, 온라인 잡지, 온라인 소식지"
806,위그선,WIG선,수면 비행 선박
807,윈도 스루 검진,윈도우 스루 검진,투명창 검진
808,윈드 브레이크,,바람막이 옷
809,윈드 시어,,"급변풍, 돌풍"
810,윈드 재킷,윈드 자켓,"방풍 재킷, 바람막이 옷, 바람막이 재킷"
811,윈드 크러스트,,강풍 빙판
812,유니버설 디자인,유니버셜 디자인,범용 디자인
813,유니콘 기업,,거대 신생 기업
814,유니크 베뉴,,이색 지역 명소
815,유니티,,통일
816,유닛 세팅,유닛 셋팅,다용도 장치
817,유저 인터페이스,,사용자 환경
818,유커,요우커,중국(인) 관광객
819,유턴 기업,,선회 기업
820,유통 콤플렉스,유통 컴플렉스,유통 단지
821,유틸리티 폴,,"전신주, 전봇대"
822,유피에스,UPS,무정전 전원 장치
823,의료 텔레메트리,,"화상 처치 체제, 원격 화상 처치 체제"
824,이 커머스,,전자 상거래
825,이그조틱,,이국풍
826,이너 서클,,"내부 핵심 집단, 패거리, 핵심층"
827,이노베이션 랩,,(기술) 혁신 연구소
828,이노베이터,,혁신자
829,이노비즈,,혁신형 중소기업
830,이니셔티브,,"주도권, 선제권, 구상, 발의, 발의권, 추진 계획"
831,이머징 마켓,,신흥 시장
832,이모션 메모리,,정서 기억
833,이미테이션 레더,,인조 가죽
834,이스케이프 루트,,"안전로, 탈출로"
835,이스터 에그,,"숨은 메시지, 숨은 기능, 숨은 재미"
836,이에스지 경영,ESG 경영,환경‧사회‧투명 경영
837,익스프레셔니즘,,표현주의
838,인덱스 펀드,,지수 연동형 기금
839,인도어 링크,,실내 스케이트장
840,인도어 테니스,,실내 테니스
841,인디케이터,,"지시기, 지시계"
842,인디펜던트 시어터,,독립 극장
843,인링크,,내부 연결 (방식)
844,인벤토리,,목록
845,인보이스,,"송장, 보냄표"
846,인서트,인설트,"끼움, 끼우기"
847,인슈어테크,,보험 정보 기술
848,인스톨,,"설치, 설치하다"
849,인스트럭터,,"지도사, 강사, 강습자"
850,인스피레이션,인스퍼레이션,영감
851,인저리,,부상
852,인저리 타임,,추가 시간
853,인큐베이팅,,"육성, 보육"
854,인큐베이팅 펀드,,창업 보육 자금
855,인터랙션,인터렉션,상호작용
856,인터랙티브,인터렉티브,"쌍방향, 양방향, 대화형"
857,인포 이미징,,영상 정보
858,인포그래픽,인포그래픽스,정보 그림
859,인포그래픽 월,,정보 그림 벽
860,인포데믹스,인포데믹,악성 정보 확산
861,인포테인먼트,,정보 오락 프로그램
862,인프라 펀드,,기반 시설 기금
863,인프라스트럭처,인프라스트럭쳐,"기반, 기반 시설"
864,인하우스,,"계열사, 조직 내부의"
865,일렉트로닉 뱅킹,,"전자 금융, 전자 금융 거래"
866,임베디드,,"붙박이, 내장형"
867,임팩트 비즈니스,,사회 가치 병행 사업
868,임팩트 투자,,사회 가치 투자
869,자이언트 스텝,,광폭 조정
870,잡 네트워킹,,"일 연계망, 일 연계망 형성, 일자리 연계망, 일자리 연계망 형성"
871,잡 매칭,,일자리 연결
872,잡 카페,,"취업 카페, 취업 상담소"
873,잡 크래프팅,,자발적 직무 설계
874,잡 페어,,"채용 박람회, 취업 박람회, 직업 박람회"
875,전망 덱,전망 데크,"나무 전망대, 전망대"
876,점프 업,,도약
877,정크 아트,,"폐물 예술, 폐품 (활용) 미술, 폐품 예술, 쓰레기 미술"
878,제너레이터,제네레이터,발전기
879,제네릭,제너릭,복제약
880,제로 데이,,"취약점 발견일, 취약점 발표일"
881,제로 레이팅,,사용료 우대 정책
882,제로 웨이스트,,쓰레기 없애기
883,제로 이코노미,,성장 멈춤 경제
884,젠더 프리 캐스팅,,"탈성별 배역, 탈성별 배역 선정"
885,젠트리피케이션,,둥지 내몰림
886,조인트 벤처,,합작 투자
887,주니어 보드,,"청년 중역 회의, 청년 자문회, 청년 자문 회의"
888,지소미아,GSOMIA,한일 군사 정보 보호 협정
889,지아이에스,GIS,"지리 정보 시스템, 지리 정보 체계"
890,지투지,G2G,정부 간 거래
891,찬스 메이킹,,기회 만들기
892,체인 스토어,,연쇄점
893,체인지 메이커,,혁신가
894,체크슈머,,꼼꼼 소비자
895,카고,,화물
896,카고 십,카고 쉽,"짐배, 화물선"
897,카디즈,,한국 방공 식별 구역
898,카본 블루,,"암청색, 어두운 파란색"
899,카본 프리,,무탄소
900,카운터블로,카운터블로우,받아치기
901,카운터파트,,상대방
902,카 페리,,여객선
903,캄 테크,,자동 편의 기술
904,캐비지,,양배추
905,캐비테이션,케비테이션,공동 현상(空洞現象)
906,캐시 카우,캐쉬 카우,① 돈줄 ② 금고
907,캐시 플로,"캐쉬 플로우, 캐시 플로우, 캐쉬 플로",현금 흐름
908,캐치 업,,따라잡기
909,캐포츠,,"활동복, 활동 기능복"
910,캠퍼스 리크루팅,,교내 채용 설명회
911,캡션,,"짧은 설명문, 설명"
912,캡스톤 디자인,캡스턴 디자인,창의적 종합 설계
913,커넥티드 시티,,통신 연결 도시
914,커넥티드 카,,통신 연결 차량
915,커넥티비티,,통신 연결성
916,커넥팅 패널,커넥팅 판넬,연결판
917,커리어 웨어,,"전문직 여성복, 출근복, 업무복"
918,커리어 하이,,최고 기록
919,커뮤니티 매핑,커뮤니티 맵핑,참여형 지도 제작
920,커뮤니티 시어터,,지역 연극
921,커뮤니티 케어,,"지역 사회 (통합) 돌봄, 더불어 돌봄, 공동체 돌봄"
922,커버리지,,"(맡은) 범위, 대역, 수신 가능 지역"
923,커버스토리,,표지 기사
924,커스터마이즈,,맞춤
925,커트오프,컷오프,"공천 배제, 예비 경선, 탈락"
926,커플러,,연결기
927,커피 클레이,,"커피 찌꺼기 점토, 커피 찰흙"
928,컨버전,,변환
929,컨버전스,,"융합, 융복합, 통합, 결합"
930,컨버터,,"패션 소재업(자), 방송 신호 변환기, 변환기"
931,컨버팅,,변환
932,컨베이어,콘베이어,"운반, 운반기"
933,컨벤션 뷰로,,"회의 사무국, 국제 회의 사무국, 회의 지원 조직, 국제 회의 지원 조직, 국제 회의 전담 조직, 홍보 전담 기구, 지역 사회 홍보 기구"
934,컨벤션 효과,,행사 효과
935,컨트롤 보드,,조정판
936,컨트롤 포스트,,통제 관문
937,컨트리 리스크,,국가별 위험도
938,컨트리풍,,"시골풍, 전원풍"
939,컨틴전시 플랜,,비상 계획
940,컨펙셔너리,,"과자류, 제과점"
941,컨플릭트,,갈등
942,컬덕트,,문화 융합 상품
943,컬러 마케팅,,색채 마케팅
944,컬러 필터,,"착색 필터, 색 필터"
945,컬러리스트,,색채 전문가
946,컬처 핏,컬쳐 핏,"조직 문화 적합성, 조직 (문화) 적합성"
947,컬트,,소수 취향
948,컴플라이언스,,"법규 준수, 준법 감시, 유연성"
949,컴플리케이션,,"꼬임, 복잡화, 다기능"
950,컴필레이션,,"선집, 모음집"
951,케어 콜,,돌봄 전화
952,케어 팜,,치유 농장
953,케어 푸드,,"돌봄식, 돌봄 음식"
954,케어 플랜,,"간호 복지 계획, 복지 계획, 돌봄 계획"
955,케이스 스터디,,사례 연구
956,케이터링,,"출장 밥상, 출장 음식"
957,코덱스,,국제 식품 규격
958,코드 셰어,코드 쉐어,공동 운항
959,코드 인사,,"편향 인사, 성향 인사"
960,코드 커팅,,유선 해지
961,코로나 레드,,코로나 분노
962,코로나 블랙,,코로나 절망
963,코리빙,,"공간 나눔, 공간 공유"
964,코리빙 하우스,,공간 나눔 주택
965,코멘테이터,,해설자
966,코믹 터치,,"익살풍, 희극적 기법"
967,코워크,,"협업, 공동 작업"
968,코워킹 스페이스,,"공유 업무 공간, 협업 공간"
969,코즈메틱,코스메틱,화장품
970,코즈모폴리턴,"코스모폴리탄, 코스모폴리턴",세계주의자
971,코호트 격리,,동일 집단 격리
972,콘덴서,,"축전기, 축전지"
973,콘시어지,컨시어지,"총괄 안내, 총괄 안내인"
974,콘택트 포인트,컨택트 포인트,"연락처, 연락 창구"
975,콘텍스트,컨텍스트,"문맥, 맥락"
976,콘트라스트,,대비
977,콘퍼런스 콜,컨퍼런스 콜,"전화 회의, 화상 회의, 통신 회의"
978,콜드 체인,,"저온 유통, 냉장 운반 보관"
979,콜렉티브 임팩트,,공동 의제 해결
980,콜키지,,주류 반입비
981,콤팩트 시티,컴팩트 시티,기능 집약 도시
982,콤플리케이션,컴플리케이션,"① 꼬임 ② 복잡화, 다기능"
983,쿨 루프,,"시원 지붕, 방열 지붕"
984,쿨 키트,,"냉방 용품 (모음), 피서 용품 (모음)"
985,쿨 타월,쿨 타올,"냉각 수건, 시원한 수건"
986,쿨다운,,"① 냉각 ② 정리 운동, 마무리 운동"
987,쿨링 포그,,"안개형 냉각, 안개형 냉각수, 안개 분사기"
988,쿨링오프,,계약 철회 보증 (제도)
989,쿼터 파이널,,준준결승
990,큐레이션 커머스,,소비자 맞춤 상거래
991,큐비즘,,"입체파, 입체주의"
992,크라우드 워커,,대규모 참여형 노동자
993,크라우드소싱,,"대중 참여 제작, 대중 참여 생산"
994,크라이시스,,위기
995,크래프트 맥주,,수제 맥주
996,크랭크 인,,"촬영 시작, 촬영 개시"
997,크레디트 라인,크레딧 라인,신용 한도
998,크레디트 타이틀,크레딧 타이틀,"소개 자막, 영화 소개 자막, 제작 참여자 소개 자막"
999,크레바스,,"빙하 균열, 빙하 틈"
1000,크로스 라이선스,크로스 라이센스,"특허 교환, 특허 교환권"
1001,크로스 미디어,,매체 다양화 (기법)
1002,크로스 컨트리,,"지구력 경기, 산야 경기"
1003,클래시시즘,,고전주의
1004,클러스터,,"산학 협력 지구, 연합 지구, 협력 지구, 협력 단지"
1005,클러스트,,"무리, 집단, 단지"
1006,클레이,,"점토, 진흙"
1007,클레이 슈팅,,접시 표적 사격
1008,클리어런스 세일,,"재고 할인, 재고 할인 판매, 떨이 판매"
1009,클리어링,,걷어 내기
1010,클리핑,클립핑,"오려 두기, 추림, 뽑아 냄"
1011,클린 데이,,"청소하는 날, 환경 정비의 날, 청결의 날, 청정의 날"
1012,클린 디젤,,저공해 디젤
1013,클린 로드,,도로 살수 장치
1014,클린 뷰티,,친환경 화장품
1015,클린 이팅,,자연식
1016,클린도,,청정도(淸淨度)
1017,키 비주얼,,"핵심 그림, 핵심 장면"
1018,키네틱 아트,,"동작 예술, 동적 예술"
1019,킥오프 회의,,"첫 회의, 첫 기획 회의"
1020,킬러 콘텐츠,킬러 컨텐츠,"돌풍 콘텐츠, 핵심 콘텐츠"
1021,타깃 하드닝,타겟 하드닝,방범 시설 강화
1022,타운 미팅,,"주민 회의, 주민 총회"
1023,타운 웨어,,"외출복, 나들이옷"
1024,타운 홀 미팅,,주민 참여 공개 회의
1025,타이 브레이크,,동점 끝내기
1026,타이머 콕,,"가스 안전 장치, 가스 안전 기기"
1027,타이포,,"활자체, 자형"
1028,타임 레이스,,기록 경기
1029,타임래그,,시차
1030,태그리스,,"비접촉식, 비접촉"
1031,태스크 포스,,"전담반, 전담 조직"
1032,택소노미,,"녹색 분류 체계, 분류 체계, 분류, 경제 활동 분류 체계"
1033,탱크 로리,,"용기 적재차, 용액 운반차, 용기 운반차"
1034,터미널 본드,,레일 연결선(rail 連結線)
1035,턴키,,일괄 발주
1036,테넌트,,"세입자, 임차인, 소작인"
1037,테라리엄,테라리움,"유리병 재배, 유리병 정원"
1038,테마 브리핑,,주제 보고
1039,테스트 마켓,,시험 시장
1040,테스트 베드,,"가늠터, 시험장, 시험대, 시험 무대, 성능 시험장"
1041,테스트 스크리닝,,미리 보기
1042,테이크 어웨이,,뒤로 빼기
1043,테이크 오프,,"이륙, 도약"
1044,테이퍼링,,양적 완화 축소
1045,테크노폴리스,,첨단 산업 연구 도시
1046,테크니션,,"기교파, 기술자"
1047,테크니컬 센터,,"(공학) 기술 센터, 해결책 제공 창구"
1048,테크핀,,기술 기반 금융
1049,테트라포드,,"네 발 방파석, (네 발) 방파석, 파도막이 돌"
1050,텍스타일,,"직물, 섬유, 실"
1051,텔레 케어,,원격 돌봄
1052,텔레매틱스,,원격 서비스
1053,토피어리,,식물 예술 작품
1054,톱 티어,탑 티어,"일류, 최상"
1055,톱다운,탑다운,하향식
1056,투 트랙,,"두 갈래, 이원화"
1057,투어리즘,,"여행, 관광, 탐방"
1058,투어링,,순회
1059,투어링 컴퍼니,,순회 극단
1060,투웨이,,이원적
1061,툴 키트,,도구 모음 프로그램
1062,튜터,,"강사, 지도사, 개인 교사"
1063,튜터리얼,,"지침서, 지침 프로그램, 학습서, 학습 프로그램, 지침"
1064,튜터링,,"강의, 지도, 개인 교습"
1065,튜토리얼 세션,,"특강 시간, 분야별 발표, 분야별 발표 시간"
1066,트라이아웃,,① 실력 점검 ② 공개 선발 시험 
1067,트래블 룰,,"송금 정보 기록제, 자금 이동 규칙"
1068,트래블 버블,,"비격리 여행 권역, 여행 안전 권역"
1069,트래직 넘버,,패배 수
1070,트랙 레코드,,"실적, 경력, 기록"
1071,트랙 백,,"뒤로 이동, 엮인 글, 역방향 연결 고리(링크) 생성, 물러가기 촬영 기법"
1072,트랙 업,,"앞으로 이동, 다가가기 촬영 기법"
1073,트랜스미디어,,매체 융합
1074,트랜스미션,,전송
1075,트랜스포메이션,,"변신, 변화"
1076,트랜스플럭서,,전자파 교란 장치
1077,트램,,"전차, 노면 전차"
1078,트럼페터,,트럼펫 연주자
1079,트레이드 머니,,이적료
1080,트레이딩 플로어,,"거래장, 매매장"
1081,트레일,,탐방로
1082,트레일러닝,,"산악 달리기, 산길 달리기"
1083,트레킹 붐,트래킹 붐,도보 여행 대유행
1084,트렌드세터,,유행 선도자
1085,트렌치,,도랑형 바닥 구조물
1086,트로피컬 룩,,열대풍
1087,트루 리얼리즘,,참 사실주의
1088,트리 포트,,화분
1089,트리 하우스,,"나무 위 집, 나무 위 주택"
1090,트리거,,방아쇠
1091,트리거 광고,,유인 광고
1092,트리밍,,장식
1093,트릭 아트,,"착시 예술, 착시 그림, 눈속임 예술, 눈속임 그림"
1094,트윈데믹,,감염병 동시 유행
1095,티 포트,,찻주전자
1096,티저 포스터,,예고 포스터
1097,티처 보이,,교사 의존 학생
1098,티핑 포인트,,급변점
1099,틸팅 열차,,준고속 열차
1100,팀 빌딩,,조직 강화
1101,파노라마 선루프,,전면 지붕창
1102,파라미터,,매개 변수
1103,파머스,,"농부(의), 농민(의)"
1104,파밍,,"사이트 금융 사기, 인터넷 금융 사기"
1105,파빌리온,,"전시관, 가설 건물"
1106,파운드리,,"조립, 조립 생산, 위탁 생산"
1107,파이낸싱,,"자금 조달, 자본 조달, 자금 지원"
1108,파이어니어,,① 개척자 ② 선구자
1109,파이프라인,,"촉매제, 연결관"
1110,파이핑,,누수
1111,파인 플레이,,"멋진 경기, 깨끗한 경기"
1112,파일네임,,"철, 기록철, 파일 이름"
1113,파트너십 이니셔티브,파트너쉽 이니셔티브,친선 발의권
1114,파티 웨어,,"연회복, 파티복"
1115,팜 스쿨,,농어촌 체험 학교
1116,팜 파티,,"농장 잔치, 농촌 잔치, 농산물 체험 잔치"
1117,팜투어,,"농장 체험, 농장 여행, 농장 관광"
1118,팝업 가든,,반짝 정원
1119,팝업 놀이터,,"반짝 놀이터, 임시 놀이터"
1120,패닉 룸,,피신처
1121,패닉 바잉,,공황 구매
1122,패닉 셀링,,공황 매도
1123,패들링,,"노질, 노젓기"
1124,패러독스,,역설
1125,패러슈트,,낙하산
1126,패럴렐,,"평행 활주, 병행"
1127,패브릭 물감,,"헝겊용 물감, 직물용 물감, 천 물감, 천 염료"
1128,패브릭아트,,"천 예술, 천 그림"
1129,패스트 힐링,,자투리 휴식
1130,패시브 하우스,,"초단열 주택, 에너지 절감 주택"
1131,패치워크,,"조각천, 조각천기법"
1132,패키지 딜,,일괄 신고
1133,패트롤,,안전 요원
1134,패트롤 카,,순찰차
1135,팩션,,각색실화
1136,팩터,,인수
1137,팩터링,,채권 관리업
1138,팬시점,,선물 가게
1139,팬츠 슈트,,바지 정장
1140,팬터마임,,무언극
1141,팰릿,,"운반대, 운반함"
1142,팸 투어,,"사전 답사 여행, 홍보 여행, 초청 홍보 여행"
1143,팹리스,,반도체 설계 전문 기업
1144,퍼걸러,,"그늘막, 볕가리개"
1145,퍼네이션,,놀이형 기부
1146,퍼머컬처,,"지속 가능한 농업, 지속 가능한 문화"
1147,퍼블리셔,,"공급사, 배급사"
1148,퍼블리시티,,"광고, 대중성"
1149,퍼블리싱,,출판
1150,퍼블릭 시어터,,공공 극장
1151,퍼블릭 아트,,공공 예술
1152,퍼블릭 코스,,대중 골프장
1153,퍼스낼리티,퍼스널리티,개성
1154,퍼스널 모빌리티,,1인 전동차
1155,퍼스트 무버,,선도자
1156,퍼실리테이션,,"촉진, 도움"
1157,퍼실리테이터,,"도우미, 조력자, 촉진자"
1158,퍼커셔니스트,,타악기 연주자
1159,퍼펙트 스톰,,초대형 경제 위기
1160,펀 세이빙,,놀이형 저축
1161,펀더멘털,,"기초 여건, 경제 기초 여건, 기초, 기초 요건, 주요 거시 경제 지표"
1162,펀슈머,,오락적 소비자
1163,페넌트 레이스,,①정규 경기 ②정규 레이스 
1164,페널티 에어리어,,벌칙구역
1165,페달링,,발판 밟기
1166,페스타,,축제
1167,페스트,,흑사병
1168,페시미스트,,"비관주의자, 염세주의자"
1169,페어그라운드,,"내역, 축제 마당, 품평회장, 박람회장"
1170,페어웨이,,적정 구역
1171,페이먼트,,"결제, 지불, 지급"
1172,페이스 리프트,,"외관 개선, 부분 변경"
1173,페이스 실드,페이스 쉴드,얼굴 가림막
1174,페이저,,무선 호출기
1175,페이징,,무선 호출
1176,페이퍼 메이킹,,"종이로 만들기, 종이 공예"
1177,페이퍼리스,,"종이 없는, 전자 문서화"
1178,페인트 모션,,속임 동작
1179,페일콘,,실패 공유 모임
1180,페치카,,벽난로
1181,페트롤,,유화(油畵) 기름
1182,페티켓,펫티켓,반려동물 공공 예절
1183,펜네임,,필명
1184,펜더,,충격막이
1185,펜트업 효과,,수요 분출 효과
1186,펠로,,"동료, (동료) 연구자, (동료) 전문가"
1187,펠로십,"펠로우십, 펠로우쉽, 펠로쉽",연구 지원금
1188,펫 로스 증후군,,반려동물 상실 증후군
1189,펫 팸족,,반려동물 돌봄족
1190,펫 프렌들리,,반려동물 친화
1191,펫코노미,,반려동물 산업
1192,포멀 웨어,,정장
1193,포모 증후군,,소외 불안 증후군
1194,포스트 워,,"전쟁 이후, 전후"
1195,포워더,,화물 운송 주선인
1196,포지티브 규제,,최소 허용 규제
1197,포커스 마켓,,주요 시장
1198,포켓 정원,,"작은 정원, 세대별 개인 정원"
1199,포켓치프,,주머니 손수건
1200,포크 플레이,,민속극
1201,포크리프트,,지게차
1202,포터블,,휴대용
1203,포트 세일즈,,"항만 영업, 선박 판매"
1204,포트 홀,,"노면 홈, 도로 파임, 노면 구멍, 바닥 홈"
1205,포퓰리스트,,"대중주의자, 대중 영합주의자"
1206,폴리널리스트,,정치 참여 언론인
1207,폴리슈머,,"정책 필요 계층, 복지 소외층"
1208,폴리시 믹스,,정책 조합
1209,폴리싱,,다듬기
1210,폴리페서,,"정치 철새 교수, 정치 참여 교수, 정치 편향 교수"
1211,푸드 리퍼브,,식자재 새활용
1212,푸드 세러피,푸드 테라피,"요리 예술 치료, 음식 치료, 먹거리 치유"
1213,푸드 페어링,,"먹거리 궁합, 음료 궁합"
1214,푸드 플랜,,먹거리 순환 종합 계획
1215,푸드테크,,첨단 식품 기술
1216,풀 시드,,전 경기 출전권
1217,풀 시스템,,"공동 취재, 공동 취재 방식"
1218,풀 애니메이션,,순수 만화 영화
1219,풀링 검사,,취합 (선별) 검사
1220,풀필먼트,,"물류 일괄 처리, 고객 주문 처리, 고객 충족 서비스"
1221,풋 백 옵션,,사후 손실 보전
1222,풋 액션,,발 동작
1223,퓨처리즘,,미래파
1224,프라이빗 브랜드,,"자체 상표, 개인 브랜드"
1225,프라이빗 시어터,,사설 극장
1226,프라이싱,,"가격 결정, 가격 설정, 가격 책정"
1227,프라임 레이트,,우대 금리
1228,프라임 시간대,,"황금 시간대, 주시청 시간대"
1229,프라임 타임,,황금 시간
1230,프런티어,프론티어,개척자
1231,프레스 디펜스,,밀착 방어
1232,프레스 콜,,언론 시연회
1233,프레스 투어,,기자단 현장 방문
1234,프레스센터,,취재 본부
1235,프레임워크,,"틀, 체제, 체계"
1236,프레콘서트,프리콘서트,"사전 공연, 사전 연주회"
1237,프로덕트 캐리어,,정유 운반선
1238,프로모터,,"행사기획자, 행사기획사"
1239,프로슈머,,참여형 소비자
1240,프로젝션 맵핑,프로젝션 맵핑,"영상 투사 기술, 빛 투사 영상 기술"
1241,프로토콜,,통신 규약
1242,프로토타입,,"원형, 시제품"
1243,프로파간다,,① 선전 ② 선동
1244,프로파일링 마스터,,범죄 분석가
1245,프론트 커버,프론트 커버,"앞표지, 앞 유리 덮개"
1246,프롬프트,,"대본 표시, 동작 안내, 원고 안내"
1247,프롭테크,,부동산 정보 기술
1248,프리 라인,,자유선
1249,프리 리스닝,,자유 듣기
1250,프리 배팅,,타격 연습
1251,프리 서버,,불법 서버
1252,프리 스로,,"자유투, 9m 던지기"
1253,프리 포트,,자유항
1254,프리로드,,기본 탑재
1255,프리캐스팅,,사전 배역
1256,프린징,,장식술
1257,플라모델,프라모델,"조립 모형, 조립 장난감"
1258,플라스틱 어택,,"과대 포장 거부 운동, 일회용품 줄이기"
1259,플라잉,,"매달기, 공중"
1260,플라잉 모빌리티,,근거리 비행 수단
1261,플라잉 시스템,,매달기 방식
1262,플래그,,"깃대, 깃발"
1263,플래그십,,"대표 상품, 주력 상품"
1264,플래그십 마케팅,,대표 상품 마케팅
1265,플래그십 스토어,,"체험판 매장, 체험 매장, 대표 체험 매장"
1266,플래드,,"체크무늬, 바둑판무늬"
1267,플랜테리어,,식물 인테리어
1268,플랜트 수출,,설비 수출
1269,플랫,,"장치 틀, 기본 장치틀"
1270,플랫폼 노동,,(온라인) 매개 노동
1271,플러그 앤드 플레이,플러그 앤 플레이,바로 사용
1272,플레이 스크립트,,극본
1273,플렉시블,플렉서블,"휘는, 유연한"
1274,플로깅,,쓰담 달리기
1275,플리 바기닝,플리 바게닝,"자백 감형제, 자백 감형 제도 "
1276,피버팅,,전략 급선회
1277,피엘 상품,,자체 기획 상품
1278,피크 아웃,,하락 전환
1279,피킹,,가려 내기
1280,피투피,,"개인 간, 개인 간 공유, 개인 공유"
1281,픽토그램,,그림 문자
1282,핀 포인트,,"기준점, 정밀 조준점, 표적"
1283,핀치,,"위기, 위기 상황"
1284,핀테크,,"금융 기술, 금융 기술 서비스"
1285,필로티,,"기둥, 지주"
1286,필로티 방식,,"기둥 방식, 지주(支柱) 방식"
1287,필리버스터,,"합법적 의사진행 저지, 무제한 토론"
1288,필모그래피,,"영화 목록, 작품 목록"
1289,필터 버블,,정보 여과 현상
1290,핑거 페인팅,,손가락 그림
1291,핑거 니팅,,손가락 뜨개
1292,핑거 링,,"손가락 걸이, 손가락 고리"
1293,하드 스킬,,직무 기술
1294,하드 파워,,물리적 영향력
1295,하우징 페어,,"주택 박람회, 주택 산업 박람회"
1296,하이 엔드,,"최상급, 최고 사양"
1297,하이마스트,,높은 기둥
1298,하이퍼 로컬,,동네 생활권
1299,하이픈,,붙임표
1300,하프 오픈 톱,,부분 개방형
1301,핫 머니,,"단기 투기성 자금, 투기성 단기 자금"
1302,해커톤,,"끝장 마라톤 찾기, 끝장 마라톤 토론, 끝장 마라톤 대회, 끝장"
1303,핸드 시그널,,수신호
1304,핸드레일,,안전 손잡이
1305,행 태그,,"꼬리표, 품질 표시표"
1306,허브 사이트,,"굴대 사이트, 중심 사이트"
1307,허브 인프라,,"중심 기반 시설, 주요 기반 시설"
1308,허브 항,,중심 축 항만
1309,헤게모니,,"주도권, 패권"
1310,헤드라이너,,대표 출연자
1311,헤리티지,,"유산, 문화유산"
1312,헤비 업로더,,대량 게재자
1313,헤비 유저,,"대량 사용자, 과다 사용자, 다량 사용자"
1314,헤이트 스피치,,"혐오 발언, 혐오 발언 시위, 혐오 표현, 증오 표현"
1315,헬스 테크,,"(노후) 건강 투자, 건강 기술"
1316,혁신 밸리,,혁신 지구
1317,혁신 파크,,첨단 산업 단지
1318,협업 툴,,협업 도구
1319,호이스트,,"이동용 장치, (인명) 구조 인양기, 인양 장치, 인양기"
1320,홀로그래피,,입체 영상
1321,홈 가드닝,,"가정 원예, 생활 원예, 실내 원예"
1322,홈루덴스,,집놀이족
1323,홈 팜,,가내 텃밭
1324,홈 퍼니싱,,집 꾸미기
1325,홈헬퍼,,"가사 도우미, 가정 도우미"
1326,홈코노미,,재택 경제 활동
1327,화이트 바이오,,"생물 자원 활용 산업 기술, 친환경 자원 생산 기술"
1328,환리스크,,환차 손실
1329,휴머노이드,,인간형 로봇
1330,휴테크,,"여가 활용 기술, 여가 활용 방법"
1331,히트 맵,,열 분포 지도
